KER	KEup	KEdown
https://identifiers.org/aop.relationships/630	https://identifiers.org/aop.events/616	https://identifiers.org/aop.events/613
https://identifiers.org/aop.relationships/667	https://identifiers.org/aop.events/64	https://identifiers.org/aop.events/669
https://identifiers.org/aop.relationships/684	https://identifiers.org/aop.events/682	https://identifiers.org/aop.events/616
https://identifiers.org/aop.relationships/666	https://identifiers.org/aop.events/667	https://identifiers.org/aop.events/64
https://identifiers.org/aop.relationships/683	https://identifiers.org/aop.events/669	https://identifiers.org/aop.events/682
https://identifiers.org/aop.relationships/1069	https://identifiers.org/aop.events/352	https://identifiers.org/aop.events/341
https://identifiers.org/aop.relationships/207	https://identifiers.org/aop.events/352	https://identifiers.org/aop.events/188
https://identifiers.org/aop.relationships/208	https://identifiers.org/aop.events/188	https://identifiers.org/aop.events/352
https://identifiers.org/aop.relationships/213	https://identifiers.org/aop.events/195	https://identifiers.org/aop.events/52
https://identifiers.org/aop.relationships/229	https://identifiers.org/aop.events/201	https://identifiers.org/aop.events/195
https://identifiers.org/aop.relationships/347	https://identifiers.org/aop.events/52	https://identifiers.org/aop.events/381
https://identifiers.org/aop.relationships/353	https://identifiers.org/aop.events/381	https://identifiers.org/aop.events/55
https://identifiers.org/aop.relationships/365	https://identifiers.org/aop.events/55	https://identifiers.org/aop.events/188
https://identifiers.org/aop.relationships/348	https://identifiers.org/aop.events/381	https://identifiers.org/aop.events/382
https://identifiers.org/aop.relationships/354	https://identifiers.org/aop.events/381	https://identifiers.org/aop.events/383
https://identifiers.org/aop.relationships/355	https://identifiers.org/aop.events/55	https://identifiers.org/aop.events/385
https://identifiers.org/aop.relationships/356	https://identifiers.org/aop.events/382	https://identifiers.org/aop.events/385
https://identifiers.org/aop.relationships/357	https://identifiers.org/aop.events/383	https://identifiers.org/aop.events/385
https://identifiers.org/aop.relationships/358	https://identifiers.org/aop.events/385	https://identifiers.org/aop.events/386
https://identifiers.org/aop.relationships/359	https://identifiers.org/aop.events/386	https://identifiers.org/aop.events/341
https://identifiers.org/aop.relationships/305	https://identifiers.org/aop.events/277	https://identifiers.org/aop.events/281
https://identifiers.org/aop.relationships/312	https://identifiers.org/aop.events/281	https://identifiers.org/aop.events/280
https://identifiers.org/aop.relationships/403	https://identifiers.org/aop.events/281	https://identifiers.org/aop.events/402
https://identifiers.org/aop.relationships/442	https://identifiers.org/aop.events/424	https://identifiers.org/aop.events/425
https://identifiers.org/aop.relationships/746	https://identifiers.org/aop.events/280	https://identifiers.org/aop.events/756
https://identifiers.org/aop.relationships/747	https://identifiers.org/aop.events/756	https://identifiers.org/aop.events/757
https://identifiers.org/aop.relationships/748	https://identifiers.org/aop.events/758	https://identifiers.org/aop.events/402
https://identifiers.org/aop.relationships/749	https://identifiers.org/aop.events/757	https://identifiers.org/aop.events/758
https://identifiers.org/aop.relationships/872	https://identifiers.org/aop.events/425	https://identifiers.org/aop.events/277
https://identifiers.org/aop.relationships/2245	https://identifiers.org/aop.events/957	https://identifiers.org/aop.events/958
https://identifiers.org/aop.relationships/2246	https://identifiers.org/aop.events/958	https://identifiers.org/aop.events/959
https://identifiers.org/aop.relationships/2270	https://identifiers.org/aop.events/961	https://identifiers.org/aop.events/281
https://identifiers.org/aop.relationships/2272	https://identifiers.org/aop.events/959	https://identifiers.org/aop.events/961
https://identifiers.org/aop.relationships/1685	https://identifiers.org/aop.events/1392	https://identifiers.org/aop.events/1488
https://identifiers.org/aop.relationships/1686	https://identifiers.org/aop.events/1488	https://identifiers.org/aop.events/55
https://identifiers.org/aop.relationships/1687	https://identifiers.org/aop.events/188	https://identifiers.org/aop.events/55
https://identifiers.org/aop.relationships/1688	https://identifiers.org/aop.events/55	https://identifiers.org/aop.events/386
https://identifiers.org/aop.relationships/1690	https://identifiers.org/aop.events/1392	https://identifiers.org/aop.events/55
https://identifiers.org/aop.relationships/1718	https://identifiers.org/aop.events/55	https://identifiers.org/aop.events/1492
https://identifiers.org/aop.relationships/1719	https://identifiers.org/aop.events/1493	https://identifiers.org/aop.events/55
https://identifiers.org/aop.relationships/1765	https://identifiers.org/aop.events/1487	https://identifiers.org/aop.events/1538
https://identifiers.org/aop.relationships/1766	https://identifiers.org/aop.events/1538	https://identifiers.org/aop.events/1392
https://identifiers.org/aop.relationships/1426	https://identifiers.org/aop.events/1317	https://identifiers.org/aop.events/1321
https://identifiers.org/aop.relationships/1427	https://identifiers.org/aop.events/1317	https://identifiers.org/aop.events/1322
https://identifiers.org/aop.relationships/1428	https://identifiers.org/aop.events/1317	https://identifiers.org/aop.events/1318
https://identifiers.org/aop.relationships/1429	https://identifiers.org/aop.events/1317	https://identifiers.org/aop.events/1319
https://identifiers.org/aop.relationships/1430	https://identifiers.org/aop.events/1317	https://identifiers.org/aop.events/1320
https://identifiers.org/aop.relationships/1431	https://identifiers.org/aop.events/1317	https://identifiers.org/aop.events/1323
https://identifiers.org/aop.relationships/1432	https://identifiers.org/aop.events/1323	https://identifiers.org/aop.events/1324
https://identifiers.org/aop.relationships/1433	https://identifiers.org/aop.events/1324	https://identifiers.org/aop.events/1325
https://identifiers.org/aop.relationships/1434	https://identifiers.org/aop.events/1325	https://identifiers.org/aop.events/1347
https://identifiers.org/aop.relationships/1435	https://identifiers.org/aop.events/1347	https://identifiers.org/aop.events/1326
https://identifiers.org/aop.relationships/1436	https://identifiers.org/aop.events/1347	https://identifiers.org/aop.events/1328
https://identifiers.org/aop.relationships/1437	https://identifiers.org/aop.events/1347	https://identifiers.org/aop.events/1336
https://identifiers.org/aop.relationships/1438	https://identifiers.org/aop.events/1336	https://identifiers.org/aop.events/1337
https://identifiers.org/aop.relationships/1439	https://identifiers.org/aop.events/1337	https://identifiers.org/aop.events/1338
https://identifiers.org/aop.relationships/1440	https://identifiers.org/aop.events/1338	https://identifiers.org/aop.events/1339
https://identifiers.org/aop.relationships/1441	https://identifiers.org/aop.events/1339	https://identifiers.org/aop.events/1340
https://identifiers.org/aop.relationships/1442	https://identifiers.org/aop.events/1340	https://identifiers.org/aop.events/1341
https://identifiers.org/aop.relationships/1443	https://identifiers.org/aop.events/1341	https://identifiers.org/aop.events/1342
https://identifiers.org/aop.relationships/1444	https://identifiers.org/aop.events/1342	https://identifiers.org/aop.events/1343
https://identifiers.org/aop.relationships/1445	https://identifiers.org/aop.events/1326	https://identifiers.org/aop.events/1344
https://identifiers.org/aop.relationships/1446	https://identifiers.org/aop.events/1328	https://identifiers.org/aop.events/1329
https://identifiers.org/aop.relationships/1447	https://identifiers.org/aop.events/1329	https://identifiers.org/aop.events/1330
https://identifiers.org/aop.relationships/1448	https://identifiers.org/aop.events/1330	https://identifiers.org/aop.events/1345
https://identifiers.org/aop.relationships/1449	https://identifiers.org/aop.events/1330	https://identifiers.org/aop.events/1346
https://identifiers.org/aop.relationships/1450	https://identifiers.org/aop.events/1334	https://identifiers.org/aop.events/122
https://identifiers.org/aop.relationships/1451	https://identifiers.org/aop.events/122	https://identifiers.org/aop.events/1335
https://identifiers.org/aop.relationships/1452	https://identifiers.org/aop.events/1349	https://identifiers.org/aop.events/1350
https://identifiers.org/aop.relationships/1453	https://identifiers.org/aop.events/1350	https://identifiers.org/aop.events/1351
https://identifiers.org/aop.relationships/1454	https://identifiers.org/aop.events/1351	https://identifiers.org/aop.events/1321
https://identifiers.org/aop.relationships/1455	https://identifiers.org/aop.events/1321	https://identifiers.org/aop.events/1352
https://identifiers.org/aop.relationships/1456	https://identifiers.org/aop.events/1354	https://identifiers.org/aop.events/1353
https://identifiers.org/aop.relationships/1457	https://identifiers.org/aop.events/1352	https://identifiers.org/aop.events/1355
https://identifiers.org/aop.relationships/1458	https://identifiers.org/aop.events/1355	https://identifiers.org/aop.events/1362
https://identifiers.org/aop.relationships/1459	https://identifiers.org/aop.events/1362	https://identifiers.org/aop.events/1348
https://identifiers.org/aop.relationships/1460	https://identifiers.org/aop.events/1348	https://identifiers.org/aop.events/1363
https://identifiers.org/aop.relationships/1461	https://identifiers.org/aop.events/1360	https://identifiers.org/aop.events/1361
https://identifiers.org/aop.relationships/1462	https://identifiers.org/aop.events/1361	https://identifiers.org/aop.events/1359
https://identifiers.org/aop.relationships/1463	https://identifiers.org/aop.events/1357	https://identifiers.org/aop.events/1359
https://identifiers.org/aop.relationships/1464	https://identifiers.org/aop.events/1359	https://identifiers.org/aop.events/1322
https://identifiers.org/aop.relationships/1465	https://identifiers.org/aop.events/1322	https://identifiers.org/aop.events/1356
https://identifiers.org/aop.relationships/1522	https://identifiers.org/aop.events/1396	https://identifiers.org/aop.events/1335
https://identifiers.org/aop.relationships/1523	https://identifiers.org/aop.events/1335	https://identifiers.org/aop.events/1330
https://identifiers.org/aop.relationships/1511	https://identifiers.org/aop.events/1328	https://identifiers.org/aop.events/1335
https://identifiers.org/aop.relationships/1524	https://identifiers.org/aop.events/1397	https://identifiers.org/aop.events/1398
https://identifiers.org/aop.relationships/1525	https://identifiers.org/aop.events/1398	https://identifiers.org/aop.events/1399
https://identifiers.org/aop.relationships/1526	https://identifiers.org/aop.events/1399	https://identifiers.org/aop.events/1400
https://identifiers.org/aop.relationships/1527	https://identifiers.org/aop.events/1400	https://identifiers.org/aop.events/1320
https://identifiers.org/aop.relationships/1528	https://identifiers.org/aop.events/1397	https://identifiers.org/aop.events/1347
https://identifiers.org/aop.relationships/1529	https://identifiers.org/aop.events/1320	https://identifiers.org/aop.events/1401
https://identifiers.org/aop.relationships/1530	https://identifiers.org/aop.events/1401	https://identifiers.org/aop.events/1344
https://identifiers.org/aop.relationships/1549	https://identifiers.org/aop.events/1362	https://identifiers.org/aop.events/1344
https://identifiers.org/aop.relationships/1550	https://identifiers.org/aop.events/1344	https://identifiers.org/aop.events/1363
https://identifiers.org/aop.relationships/1551	https://identifiers.org/aop.events/1413	https://identifiers.org/aop.events/1414
https://identifiers.org/aop.relationships/1552	https://identifiers.org/aop.events/1414	https://identifiers.org/aop.events/1415
https://identifiers.org/aop.relationships/1553	https://identifiers.org/aop.events/1415	https://identifiers.org/aop.events/1416
https://identifiers.org/aop.relationships/1554	https://identifiers.org/aop.events/1416	https://identifiers.org/aop.events/1355
https://identifiers.org/aop.relationships/1555	https://identifiers.org/aop.events/1357	https://identifiers.org/aop.events/1415
https://identifiers.org/aop.relationships/1564	https://identifiers.org/aop.events/1426	https://identifiers.org/aop.events/1427
https://identifiers.org/aop.relationships/1565	https://identifiers.org/aop.events/1427	https://identifiers.org/aop.events/763
https://identifiers.org/aop.relationships/1571	https://identifiers.org/aop.events/1431	https://identifiers.org/aop.events/1426
https://identifiers.org/aop.relationships/1572	https://identifiers.org/aop.events/763	https://identifiers.org/aop.events/1432
https://identifiers.org/aop.relationships/1568	https://identifiers.org/aop.events/1426	https://identifiers.org/aop.events/1429
https://identifiers.org/aop.relationships/1569	https://identifiers.org/aop.events/1429	https://identifiers.org/aop.events/1430
https://identifiers.org/aop.relationships/1573	https://identifiers.org/aop.events/1430	https://identifiers.org/aop.events/1432
https://identifiers.org/aop.relationships/1726	https://identifiers.org/aop.events/1508	https://identifiers.org/aop.events/1510
https://identifiers.org/aop.relationships/1727	https://identifiers.org/aop.events/1510	https://identifiers.org/aop.events/1511
https://identifiers.org/aop.relationships/1728	https://identifiers.org/aop.events/1511	https://identifiers.org/aop.events/1509
https://identifiers.org/aop.relationships/1729	https://identifiers.org/aop.events/1509	https://identifiers.org/aop.events/1512
https://identifiers.org/aop.relationships/1730	https://identifiers.org/aop.events/1510	https://identifiers.org/aop.events/1512
https://identifiers.org/aop.relationships/1731	https://identifiers.org/aop.events/1511	https://identifiers.org/aop.events/1513
https://identifiers.org/aop.relationships/1732	https://identifiers.org/aop.events/1512	https://identifiers.org/aop.events/1513
https://identifiers.org/aop.relationships/1733	https://identifiers.org/aop.events/1513	https://identifiers.org/aop.events/1514
https://identifiers.org/aop.relationships/1709	https://identifiers.org/aop.events/1502	https://identifiers.org/aop.events/1503
https://identifiers.org/aop.relationships/1806	https://identifiers.org/aop.events/1503	https://identifiers.org/aop.events/1239
https://identifiers.org/aop.relationships/1807	https://identifiers.org/aop.events/1239	https://identifiers.org/aop.events/1560
https://identifiers.org/aop.relationships/1808	https://identifiers.org/aop.events/1560	https://identifiers.org/aop.events/1561
https://identifiers.org/aop.relationships/2002	https://identifiers.org/aop.events/1700	https://identifiers.org/aop.events/202
https://identifiers.org/aop.relationships/2003	https://identifiers.org/aop.events/202	https://identifiers.org/aop.events/1702
https://identifiers.org/aop.relationships/2004	https://identifiers.org/aop.events/1702	https://identifiers.org/aop.events/986
https://identifiers.org/aop.relationships/1833	https://identifiers.org/aop.events/1580	https://identifiers.org/aop.events/1581
https://identifiers.org/aop.relationships/1834	https://identifiers.org/aop.events/1581	https://identifiers.org/aop.events/1582
https://identifiers.org/aop.relationships/1835	https://identifiers.org/aop.events/1582	https://identifiers.org/aop.events/1583
https://identifiers.org/aop.relationships/1859	https://identifiers.org/aop.events/1350	https://identifiers.org/aop.events/388
https://identifiers.org/aop.relationships/1890	https://identifiers.org/aop.events/1623	https://identifiers.org/aop.events/1350
https://identifiers.org/aop.relationships/2781	https://identifiers.org/aop.events/388	https://identifiers.org/aop.events/1788
https://identifiers.org/aop.relationships/2782	https://identifiers.org/aop.events/1788	https://identifiers.org/aop.events/1350
https://identifiers.org/aop.relationships/2783	https://identifiers.org/aop.events/1788	https://identifiers.org/aop.events/389
https://identifiers.org/aop.relationships/361	https://identifiers.org/aop.events/388	https://identifiers.org/aop.events/389
https://identifiers.org/aop.relationships/364	https://identifiers.org/aop.events/55	https://identifiers.org/aop.events/352
https://identifiers.org/aop.relationships/11	https://identifiers.org/aop.events/12	https://identifiers.org/aop.events/10
https://identifiers.org/aop.relationships/1857	https://identifiers.org/aop.events/10	https://identifiers.org/aop.events/1602
https://identifiers.org/aop.relationships/1862	https://identifiers.org/aop.events/389	https://identifiers.org/aop.events/55
https://identifiers.org/aop.relationships/1889	https://identifiers.org/aop.events/1602	https://identifiers.org/aop.events/1623
https://identifiers.org/aop.relationships/904	https://identifiers.org/aop.events/177	https://identifiers.org/aop.events/889
https://identifiers.org/aop.relationships/905	https://identifiers.org/aop.events/889	https://identifiers.org/aop.events/890
https://identifiers.org/aop.relationships/906	https://identifiers.org/aop.events/188	https://identifiers.org/aop.events/890
https://identifiers.org/aop.relationships/907	https://identifiers.org/aop.events/890	https://identifiers.org/aop.events/188
https://identifiers.org/aop.relationships/908	https://identifiers.org/aop.events/177	https://identifiers.org/aop.events/890
https://identifiers.org/aop.relationships/910	https://identifiers.org/aop.events/890	https://identifiers.org/aop.events/896
https://identifiers.org/aop.relationships/933	https://identifiers.org/aop.events/888	https://identifiers.org/aop.events/887
https://identifiers.org/aop.relationships/934	https://identifiers.org/aop.events/887	https://identifiers.org/aop.events/177
https://identifiers.org/aop.relationships/1947	https://identifiers.org/aop.events/1656	https://identifiers.org/aop.events/756
https://identifiers.org/aop.relationships/1948	https://identifiers.org/aop.events/1656	https://identifiers.org/aop.events/402
https://identifiers.org/aop.relationships/2286	https://identifiers.org/aop.events/1739	https://identifiers.org/aop.events/188
https://identifiers.org/aop.relationships/2287	https://identifiers.org/aop.events/352	https://identifiers.org/aop.events/1841
https://identifiers.org/aop.relationships/2288	https://identifiers.org/aop.events/188	https://identifiers.org/aop.events/1841
https://identifiers.org/aop.relationships/1387	https://identifiers.org/aop.events/281	https://identifiers.org/aop.events/756
https://identifiers.org/aop.relationships/1388	https://identifiers.org/aop.events/281	https://identifiers.org/aop.events/757
https://identifiers.org/aop.relationships/1389	https://identifiers.org/aop.events/281	https://identifiers.org/aop.events/758
https://identifiers.org/aop.relationships/309	https://identifiers.org/aop.events/279	https://identifiers.org/aop.events/277
https://identifiers.org/aop.relationships/366	https://identifiers.org/aop.events/279	https://identifiers.org/aop.events/281
https://identifiers.org/aop.relationships/362	https://identifiers.org/aop.events/389	https://identifiers.org/aop.events/177
https://identifiers.org/aop.relationships/363	https://identifiers.org/aop.events/177	https://identifiers.org/aop.events/55
https://identifiers.org/aop.relationships/634	https://identifiers.org/aop.events/618	https://identifiers.org/aop.events/341
https://identifiers.org/aop.relationships/647	https://identifiers.org/aop.events/352	https://identifiers.org/aop.events/618
https://identifiers.org/aop.relationships/919	https://identifiers.org/aop.events/875	https://identifiers.org/aop.events/388
https://identifiers.org/aop.relationships/1503	https://identifiers.org/aop.events/424	https://identifiers.org/aop.events/341
https://identifiers.org/aop.relationships/1504	https://identifiers.org/aop.events/277	https://identifiers.org/aop.events/381
https://identifiers.org/aop.relationships/1505	https://identifiers.org/aop.events/277	https://identifiers.org/aop.events/851
https://identifiers.org/aop.relationships/1506	https://identifiers.org/aop.events/277	https://identifiers.org/aop.events/341
https://identifiers.org/aop.relationships/1507	https://identifiers.org/aop.events/381	https://identifiers.org/aop.events/341
https://identifiers.org/aop.relationships/444	https://identifiers.org/aop.events/280	https://identifiers.org/aop.events/381
https://identifiers.org/aop.relationships/448	https://identifiers.org/aop.events/381	https://identifiers.org/aop.events/385
https://identifiers.org/aop.relationships/870	https://identifiers.org/aop.events/381	https://identifiers.org/aop.events/851
https://identifiers.org/aop.relationships/871	https://identifiers.org/aop.events/851	https://identifiers.org/aop.events/385
https://identifiers.org/aop.relationships/203	https://identifiers.org/aop.events/186	https://identifiers.org/aop.events/192
https://identifiers.org/aop.relationships/384	https://identifiers.org/aop.events/192	https://identifiers.org/aop.events/402
https://identifiers.org/aop.relationships/552	https://identifiers.org/aop.events/424	https://identifiers.org/aop.events/277
https://identifiers.org/aop.relationships/2811	https://identifiers.org/aop.events/1392	https://identifiers.org/aop.events/1635
https://identifiers.org/aop.relationships/1977	https://identifiers.org/aop.events/1686	https://identifiers.org/aop.events/1635
https://identifiers.org/aop.relationships/2769	https://identifiers.org/aop.events/1686	https://identifiers.org/aop.events/1392
https://identifiers.org/aop.relationships/2771	https://identifiers.org/aop.events/1392	https://identifiers.org/aop.events/2066
https://identifiers.org/aop.relationships/2832	https://identifiers.org/aop.events/1686	https://identifiers.org/aop.events/1492
https://identifiers.org/aop.relationships/2833	https://identifiers.org/aop.events/1392	https://identifiers.org/aop.events/1492
https://identifiers.org/aop.relationships/2834	https://identifiers.org/aop.events/1492	https://identifiers.org/aop.events/2097
https://identifiers.org/aop.relationships/2835	https://identifiers.org/aop.events/2097	https://identifiers.org/aop.events/2098
https://identifiers.org/aop.relationships/2836	https://identifiers.org/aop.events/2098	https://identifiers.org/aop.events/341
https://identifiers.org/aop.relationships/2837	https://identifiers.org/aop.events/1686	https://identifiers.org/aop.events/2098
https://identifiers.org/aop.relationships/2838	https://identifiers.org/aop.events/1686	https://identifiers.org/aop.events/341
https://identifiers.org/aop.relationships/2839	https://identifiers.org/aop.events/2097	https://identifiers.org/aop.events/341
https://identifiers.org/aop.relationships/2840	https://identifiers.org/aop.events/2066	https://identifiers.org/aop.events/2098
https://identifiers.org/aop.relationships/2841	https://identifiers.org/aop.events/1635	https://identifiers.org/aop.events/2098
https://identifiers.org/aop.relationships/2856	https://identifiers.org/aop.events/1635	https://identifiers.org/aop.events/2066
https://identifiers.org/aop.relationships/2806	https://identifiers.org/aop.events/388	https://identifiers.org/aop.events/2078
https://identifiers.org/aop.relationships/2807	https://identifiers.org/aop.events/2078	https://identifiers.org/aop.events/1944
https://identifiers.org/aop.relationships/2808	https://identifiers.org/aop.events/1944	https://identifiers.org/aop.events/341
https://identifiers.org/aop.relationships/456	https://identifiers.org/aop.events/10	https://identifiers.org/aop.events/39
https://identifiers.org/aop.relationships/2410	https://identifiers.org/aop.events/39	https://identifiers.org/aop.events/386
https://identifiers.org/aop.relationships/2411	https://identifiers.org/aop.events/386	https://identifiers.org/aop.events/402
https://identifiers.org/aop.relationships/2412	https://identifiers.org/aop.events/39	https://identifiers.org/aop.events/402
https://identifiers.org/aop.relationships/2499	https://identifiers.org/aop.events/1816	https://identifiers.org/aop.events/1392
https://identifiers.org/aop.relationships/2500	https://identifiers.org/aop.events/188	https://identifiers.org/aop.events/386
https://identifiers.org/aop.relationships/2501	https://identifiers.org/aop.events/386	https://identifiers.org/aop.events/1941
https://identifiers.org/aop.relationships/2502	https://identifiers.org/aop.events/1945	https://identifiers.org/aop.events/1942
https://identifiers.org/aop.relationships/2503	https://identifiers.org/aop.events/1942	https://identifiers.org/aop.events/1582
https://identifiers.org/aop.relationships/2504	https://identifiers.org/aop.events/1944	https://identifiers.org/aop.events/386
https://identifiers.org/aop.relationships/2505	https://identifiers.org/aop.events/1392	https://identifiers.org/aop.events/1943
https://identifiers.org/aop.relationships/2506	https://identifiers.org/aop.events/1582	https://identifiers.org/aop.events/1944
https://identifiers.org/aop.relationships/2507	https://identifiers.org/aop.events/1942	https://identifiers.org/aop.events/188
https://identifiers.org/aop.relationships/2552	https://identifiers.org/aop.events/1686	https://identifiers.org/aop.events/1194
https://identifiers.org/aop.relationships/2595	https://identifiers.org/aop.events/1194	https://identifiers.org/aop.events/1974
https://identifiers.org/aop.relationships/2600	https://identifiers.org/aop.events/1974	https://identifiers.org/aop.events/1365
https://identifiers.org/aop.relationships/2602	https://identifiers.org/aop.events/1365	https://identifiers.org/aop.events/1978
https://identifiers.org/aop.relationships/2604	https://identifiers.org/aop.events/1686	https://identifiers.org/aop.events/1978
https://identifiers.org/aop.relationships/2606	https://identifiers.org/aop.events/1974	https://identifiers.org/aop.events/1979
https://identifiers.org/aop.relationships/2607	https://identifiers.org/aop.events/1979	https://identifiers.org/aop.events/1978
https://identifiers.org/aop.relationships/2605	https://identifiers.org/aop.events/1353	https://identifiers.org/aop.events/1977
https://identifiers.org/aop.relationships/2625	https://identifiers.org/aop.events/1977	https://identifiers.org/aop.events/1983
https://identifiers.org/aop.relationships/2694	https://identifiers.org/aop.events/2023	https://identifiers.org/aop.events/2024
https://identifiers.org/aop.relationships/2695	https://identifiers.org/aop.events/2024	https://identifiers.org/aop.events/2025
https://identifiers.org/aop.relationships/2696	https://identifiers.org/aop.events/2025	https://identifiers.org/aop.events/2026
https://identifiers.org/aop.relationships/2697	https://identifiers.org/aop.events/2023	https://identifiers.org/aop.events/2033
https://identifiers.org/aop.relationships/2698	https://identifiers.org/aop.events/2033	https://identifiers.org/aop.events/1502
https://identifiers.org/aop.relationships/2699	https://identifiers.org/aop.events/1502	https://identifiers.org/aop.events/1561
https://identifiers.org/aop.relationships/2700	https://identifiers.org/aop.events/2026	https://identifiers.org/aop.events/1561
https://identifiers.org/aop.relationships/2653	https://identifiers.org/aop.events/12	https://identifiers.org/aop.events/1391
https://identifiers.org/aop.relationships/2654	https://identifiers.org/aop.events/1391	https://identifiers.org/aop.events/1510
https://identifiers.org/aop.relationships/2655	https://identifiers.org/aop.events/1510	https://identifiers.org/aop.events/352
https://identifiers.org/aop.relationships/2656	https://identifiers.org/aop.events/618	https://identifiers.org/aop.events/1583
https://identifiers.org/aop.relationships/2657	https://identifiers.org/aop.events/1583	https://identifiers.org/aop.events/351
https://identifiers.org/aop.relationships/2478	https://identifiers.org/aop.events/295	https://identifiers.org/aop.events/961
https://identifiers.org/aop.relationships/2883	https://identifiers.org/aop.events/18	https://identifiers.org/aop.events/295
https://identifiers.org/aop.relationships/2886	https://identifiers.org/aop.events/756	https://identifiers.org/aop.events/758
https://identifiers.org/aop.relationships/2702	https://identifiers.org/aop.events/2037	https://identifiers.org/aop.events/389
https://identifiers.org/aop.relationships/2703	https://identifiers.org/aop.events/2036	https://identifiers.org/aop.events/2037
https://identifiers.org/aop.relationships/2704	https://identifiers.org/aop.events/389	https://identifiers.org/aop.events/2038
https://identifiers.org/aop.relationships/2705	https://identifiers.org/aop.events/2038	https://identifiers.org/aop.events/1825
https://identifiers.org/aop.relationships/2706	https://identifiers.org/aop.events/1825	https://identifiers.org/aop.events/896
https://identifiers.org/aop.relationships/2707	https://identifiers.org/aop.events/2039	https://identifiers.org/aop.events/1527
https://identifiers.org/aop.relationships/2708	https://identifiers.org/aop.events/1527	https://identifiers.org/aop.events/389
https://identifiers.org/aop.relationships/2709	https://identifiers.org/aop.events/389	https://identifiers.org/aop.events/1477
https://identifiers.org/aop.relationships/2710	https://identifiers.org/aop.events/389	https://identifiers.org/aop.events/2017
https://identifiers.org/aop.relationships/2711	https://identifiers.org/aop.events/2017	https://identifiers.org/aop.events/1512
https://identifiers.org/aop.relationships/2712	https://identifiers.org/aop.events/1512	https://identifiers.org/aop.events/1825
https://identifiers.org/aop.relationships/2713	https://identifiers.org/aop.events/1477	https://identifiers.org/aop.events/1392
https://identifiers.org/aop.relationships/2714	https://identifiers.org/aop.events/1392	https://identifiers.org/aop.events/1547
https://identifiers.org/aop.relationships/2715	https://identifiers.org/aop.events/1547	https://identifiers.org/aop.events/1825
https://identifiers.org/aop.relationships/2716	https://identifiers.org/aop.events/1392	https://identifiers.org/aop.events/1825
https://identifiers.org/aop.relationships/2717	https://identifiers.org/aop.events/188	https://identifiers.org/aop.events/1825
https://identifiers.org/aop.relationships/2718	https://identifiers.org/aop.events/1825	https://identifiers.org/aop.events/188
https://identifiers.org/aop.relationships/2861	https://identifiers.org/aop.events/1350	https://identifiers.org/aop.events/1998
https://identifiers.org/aop.relationships/2862	https://identifiers.org/aop.events/1998	https://identifiers.org/aop.events/188
https://identifiers.org/aop.relationships/2864	https://identifiers.org/aop.events/758	https://identifiers.org/aop.events/341
https://identifiers.org/aop.relationships/2867	https://identifiers.org/aop.events/2121	https://identifiers.org/aop.events/2122
https://identifiers.org/aop.relationships/2868	https://identifiers.org/aop.events/1350	https://identifiers.org/aop.events/2123
https://identifiers.org/aop.relationships/2869	https://identifiers.org/aop.events/1350	https://identifiers.org/aop.events/2124
https://identifiers.org/aop.relationships/2870	https://identifiers.org/aop.events/2123	https://identifiers.org/aop.events/55
https://identifiers.org/aop.relationships/2871	https://identifiers.org/aop.events/2124	https://identifiers.org/aop.events/55
https://identifiers.org/aop.relationships/2872	https://identifiers.org/aop.events/341	https://identifiers.org/aop.events/2121
https://identifiers.org/aop.relationships/2875	https://identifiers.org/aop.events/55	https://identifiers.org/aop.events/758
